codigo;descricao;indNFe;indComunica;indTransp;indDevol;vigencia_inicio;vigencia_fim
1.101;Compra para industrialização ou produção rural.;1;0;0;0;2006-01-01;
1.102;Compra para comercialização.;1;0;0;0;2006-01-01;
1.111;Compra para industrialização de mercadoria recebida anteriormente em consignação industrial.;1;0;0;0;2006-01-01;
1.113;Compra para comercialização, de mercadoria recebida anteriormente em consignação mercantil.;1;0;0;0;2006-01-01;
1.116;Compra para industrialização ou produção rural originada de encomenda para recebimento futuro.;1;0;0;0;2006-01-01;
1.117;Compra para comercialização originada de encomenda para recebimento futuro.;1;0;0;0;2006-01-01;
1.118;Compra de mercadoria para comercialização pelo adquirente originário, entregue pelo vendedor remetente ao destinatário, em venda à ordem.;1;0;0;0;2006-01-01;
1.120;Compra para industrialização ou produção rural, em venda à ordem, já recebida do vendedor remetente.;1;0;0;0;2006-01-01;
1.121;Compra para comercialização, em venda à ordem, já recebida do vendedor remetente.;1;0;0;0;2006-01-01;
1.122;Compra para industrialização em que a mercadoria foi remetida pelo fornecedor ao industrializador sem transitar pelo estabelecimento adquirente.;1;0;0;0;2006-01-01;
1.124;Industrialização efetuada por outra empresa.;1;0;0;0;2006-01-01;
1.125;Industrialização efetuada por outra empresa quando a mercadoria remetida para utilização no processo de industrialização não transitou pelo estabelecimento adquirente da mercadoria.;1;0;0;0;2006-01-01;
1.126;Compra para utilização na prestação de serviço sujeita ao ICMS.;1;0;0;0;2006-01-01;
1.128;Compra para utilização na prestação de serviço sujeita ao ISSQN.;1;0;0;0;2006-01-01;
1.131;Entrada de mercadoria, com previsão de posterior ajuste ou fixação de preço, em ato cooperativo.;1;0;0;0;2018-01-01;
1.132;Fixação de preço de produção do estabelecimento produtor, inclusive quando remetidas anteriormente com previsão de posterior ajuste ou fixação de preço, em ato cooperativo, para comercialização.;1;0;0;0;2018-01-01;
1.135;Fixação de preço de produção do estabelecimento produtor, inclusive quando remetidas anteriormente com previsão de posterior ajuste ou fixação de preço, em ato cooperativo, para industrialização.;1;0;0;0;2018-01-01;
1.151;Transferência para industrialização ou produção rural.;1;0;0;0;2006-01-01;
1.152;Transferência para comercialização.;1;0;0;0;2006-01-01;
1.153;Transferência de energia elétrica para distribuição.;1;0;0;0;2006-01-01;
1.154;Transferência para utilização na prestação de serviço.;1;0;0;0;2006-01-01;
1.159;Entrada decorrente do fornecimento de produto ou mercadoria em ato cooperativo.;1;0;0;0;2018-09-01;
1.201;Devolução de venda de produção do estabelecimento.;1;0;0;1;2006-01-01;
1.202;Devolução de venda de mercadoria adquirida ou recebida de terceiros, ou qualquer devolução de mercadoria efetuada pelo MEI com exceção das classificadas nos códigos 1.503, 1.504, 1.505 e 1.506.;1;0;0;1;2006-01-01;
1.203;Devolução de venda de produção do estabelecimento, destinada à Zona Franca de Manaus ou Áreas de Livre Comércio.;1;0;0;1;2006-01-01;
1.204;Devolução de venda de mercadoria adquirida ou recebida de terceiros, destinada à Zona Franca de Manaus ou Áreas de Livre Comércio.;1;0;0;1;2006-01-01;
1.205;Anulação de valor relativo à prestação de serviço de comunicação.;1;0;0;0;2006-01-01;
1.206;Anulação de valor relativo à prestação de serviço de transporte.;1;0;0;0;2006-01-01;
1.207;Anulação de valor relativo à venda de energia elétrica.;1;0;0;0;2006-01-01;
1.208;Devolução de produção do estabelecimento, remetida em transferência.;1;0;0;1;2006-01-01;
1.209;Devolução de mercadoria adquirida ou recebida de terceiros, remetida em transferência.;1;0;0;1;2006-01-01;
1.212;Devolução de venda no mercado interno de mercadoria industrializada e insumo importado sob o Regime Aduaneiro Especial de Entreposto Industrial sob Controle Informatizado do Sistema Público de Escrituração Digital (Recof-Sped).;1;0;0;1;2006-01-01;
1.213;Devolução de remessa de produção do estabelecimento, com previsão de posterior ajuste ou fixação de preço, em ato cooperativo.;1;0;0;1;2018-01-01;
1.214;Devolução referente à fixação de preço de produção do estabelecimento produtor em ato cooperativo.;1;0;0;1;2018-01-01;
1.215;Devolução de fornecimento de produção do estabelecimento em ato cooperativo.;1;0;0;1;2019-05-01;
1.216;Devolução de fornecimento de mercadoria adquirida ou recebida de terceiros em ato cooperativo.;1;0;0;1;2019-05-01;
1.251;Compra de energia elétrica para distribuição ou comercialização.;1;0;0;0;2006-01-01;
1.252;Compra de energia elétrica por estabelecimento industrial.;1;0;0;0;2006-01-01;
1.253;Compra de energia elétrica por estabelecimento comercial.;1;0;0;0;2006-01-01;
1.254;Compra de energia elétrica por estabelecimento prestador de serviço de transporte.;1;0;0;0;2006-01-01;
1.255;Compra de energia elétrica por estabelecimento prestador de serviço de comunicação.;1;0;0;0;2006-01-01;
1.256;Compra de energia elétrica por estabelecimento de produtor rural.;1;0;0;0;2006-01-01;
1.257;Compra de energia elétrica para consumo por demanda contratada.;1;0;0;0;2006-01-01;
1.301;Aquisição de serviço de comunicação para execução de serviço da mesma natureza.;1;0;0;0;2006-01-01;
1.302;Aquisição de serviço de comunicação por estabelecimento industrial.;1;0;0;0;2006-01-01;
1.303;Aquisição de serviço de comunicação por estabelecimento comercial.;1;0;0;0;2006-01-01;
1.304;Aquisição de serviço de comunicação por estabelecimento de prestador de serviço de transporte.;1;0;0;0;2006-01-01;
1.305;Aquisição de serviço de comunicação por estabelecimento de geradora ou de distribuidora de energia elétrica.;1;0;0;0;2006-01-01;
1.306;Aquisição de serviço de comunicação por estabelecimento de produtor rural.;1;0;0;0;2006-01-01;
1.351;Aquisição de serviço de transporte para execução de serviço da mesma natureza.;1;0;0;0;2006-01-01;
1.352;Aquisição de serviço de transporte por estabelecimento industrial.;1;0;0;0;2006-01-01;
1.353;Aquisição de serviço de transporte por estabelecimento comercial.;1;0;0;0;2006-01-01;
1.354;Aquisição de serviço de transporte por estabelecimento de prestador de serviço de comunicação.;1;0;0;0;2006-01-01;
1.355;Aquisição de serviço de transporte por estabelecimento de geradora ou de distribuidora de energia elétrica.;1;0;0;0;2006-01-01;
1.356;Aquisição de serviço de transporte por estabelecimento de produtor rural.;1;0;0;0;2006-01-01;
1.360;Aquisição de serviço de transporte por contribuinte substituto em relação ao serviço de transporte.;1;0;0;0;2006-01-01;
1.401;Compra para industrialização ou produção rural em operação com mercadoria sujeita ao regime de substituição tributária.;1;0;0;0;2006-01-01;
1.403;Compra para comercialização em operação com mercadoria sujeita ao regime de substituição tributária.;1;0;0;0;2006-01-01;
1.406;Compra de bem para o ativo imobilizado cuja mercadoria está sujeita ao regime de substituição tributária.;1;0;0;0;2006-01-01;
1.407;Compra de mercadoria para uso ou consumo cuja mercadoria está sujeita ao regime de substituição tributária.;1;0;0;0;2006-01-01;
1.408;Transferência para industrialização ou produção rural em operação com mercadoria sujeita ao regime de substituição tributária.;1;0;0;0;2006-01-01;
1.409;Transferência para comercialização em operação com mercadoria sujeita ao regime de substituição tributária.;1;0;0;0;2006-01-01;
1.410;Devolução de venda de produção do estabelecimento em operação com produto sujeito ao regime de substituição tributária.;1;0;0;1;2006-01-01;
1.411;Devolução de venda de mercadoria adquirida ou recebida de terceiros em operação com mercadoria sujeita ao regime de substituição tributária.;1;0;0;1;2006-01-01;
1.414;Retorno de produção do estabelecimento, remetida para venda fora do estabelecimento em operação com produto sujeito ao regime de substituição tributária.;1;0;0;0;2006-01-01;
1.415;Retorno de mercadoria adquirida ou recebida de terceiros, remetida para venda fora do estabelecimento em operação com mercadoria sujeita ao regime de substituição tributária.;1;0;0;0;2006-01-01;
1.451;Entrada de animal - Sistema de Integração e Parceria Rural.;1;0;0;0;2006-01-01;
1.452;Entrada de insumo - Sistema de Integração e Parceria Rural.;1;0;0;0;2006-01-01;
1.453;Retorno do animal ou da produção - Sistema de Integração e Parceria Rural.;1;0;0;0;2019-12-01;
1.454;Retorno simbólico do animal ou da produção - Sistema de Integração e Parceria Rural.;1;0;0;0;2019-12-01;
1.455;Retorno de insumo não utilizado na produção - Sistema de Integração e Parceria Rural.;1;0;0;0;2019-12-01;
1.456;Entrada referente à remuneração do produtor no Sistema de Integração e Parceria Rural.;1;0;0;0;2019-12-01;
1.501;Entrada de mercadoria recebida com fim específico de exportação.;1;0;0;0;2006-01-01;
1.503;Entrada decorrente de devolução de produto remetido com fim específico de exportação, de produção do estabelecimento.;1;0;0;1;2006-01-01;
1.504;Entrada decorrente de devolução, inclusive simbólica, de mercadoria remetida com fim específico de exportação, adquirida ou recebida de terceiros.;1;0;0;1;2006-01-01;
1.505;Entrada decorrente de devolução, inclusive simbólica, de mercadorias remetidas para formação de lote de exportação, de produtos industrializados ou produzidos pelo próprio estabelecimento.;1;0;0;1;2006-01-01;
1.506;Entrada decorrente de devolução, inclusive simbólica, de mercadorias adquiridas ou recebidas de terceiros, remetidas para formação de lote de exportação.;1;0;0;1;2006-01-01;
1.551;Compra de bem para o ativo imobilizado.;1;0;0;0;2006-01-01;
1.552;Transferência de bem do ativo imobilizado.;1;0;0;0;2006-01-01;
1.553;Devolução de venda de bem do ativo imobilizado.;1;0;0;1;2006-01-01;
1.554;Retorno de bem do ativo imobilizado remetido para uso fora do estabelecimento.;1;0;0;0;2006-01-01;
1.555;Entrada de bem do ativo imobilizado de terceiro, remetido para uso no estabelecimento.;1;0;0;0;2006-01-01;
1.556;Compra de material para uso ou consumo.;1;0;0;0;2006-01-01;
1.557;Transferência de material para uso ou consumo.;1;0;0;0;2006-01-01;
1.601;Recebimento, por transferência, de crédito de ICMS.;1;0;0;0;2006-01-01;
1.602;Recebimento, por transferência, de saldo credor de ICMS de outro estabelecimento da mesma empresa, para compensação de saldo devedor de ICMS.;1;0;0;0;2006-01-01;
1.603;Ressarcimento de ICMS retido por substituição tributária.;1;0;0;0;2006-01-01;
1.604;Lançamento do crédito relativo à compra de bem para o ativo imobilizado.;1;0;0;0;2006-01-01;
1.605;Recebimento, por transferência, de saldo devedor de ICMS de outro estabelecimento da mesma empresa.;1;0;0;0;2006-01-01;
1.651;Compra de combustíveis ou lubrificantes para industrialização subsequente.;1;0;0;0;2006-01-01;
1.652;Compra de combustíveis ou lubrificantes para comercialização.;1;0;0;0;2006-01-01;
1.653;Compra de combustíveis ou lubrificantes por consumidor ou usuário final.;1;0;0;0;2006-01-01;
1.657;Retorno de remessa de combustíveis ou lubrificantes para venda fora do estabelecimento.;1;0;0;0;2020-02-01;
1.658;Transferência de combustíveis ou lubrificantes para industrialização.;1;0;0;0;2006-01-01;
1.659;Transferência de combustíveis ou lubrificantes para comercialização.;1;0;0;0;2006-01-01;
1.660;Devolução de venda de combustíveis ou lubrificantes destinados à industrialização subsequente.;1;0;0;1;2006-01-01;
1.661;Devolução de venda de combustíveis ou lubrificantes destinados à comercialização.;1;0;0;1;2006-01-01;
1.662;Devolução de venda de combustíveis ou lubrificantes destinados a consumidor ou usuário final.;1;0;0;1;2006-01-01;
1.663;Entrada de combustíveis ou lubrificantes para armazenagem.;1;0;0;0;2006-01-01;
1.664;Retorno de combustíveis ou lubrificantes remetidos para armazenagem.;1;0;0;0;2006-01-01;
1.901;Entrada para industrialização por encomenda.;1;0;0;0;2006-01-01;
1.902;Retorno de mercadoria remetida para industrialização por encomenda.;1;0;0;0;2006-01-01;
1.903;Entrada de mercadoria remetida para industrialização e não aplicada no referido processo.;1;0;0;0;2006-01-01;
1.904;Retorno de remessa para venda fora do estabelecimento, ou qualquer entrada e retorno de remessa efetuada pelo MEI com exceção dos classificados nos códigos 1.202, 1.503, 1.504, 1.505 e 1.506.;1;0;0;0;2006-01-01;
1.905;Entrada de mercadoria recebida para depósito em depósito fechado, armazém geral ou outro estabelecimento da mesma empresa ou de terceiro.;1;0;0;0;2006-01-01;
1.906;Retorno de mercadoria remetida para depósito fechado, armazém geral ou outro estabelecimento, da mesma empresa ou de terceiro.;1;0;0;0;2006-01-01;
1.907;Retorno simbólico de mercadoria remetida para depósito fechado, armazém geral ou outro estabelecimento da mesma empresa ou de terceiro.;1;0;0;0;2006-01-01;
1.908;Entrada de bem por conta de contrato de comodato ou locação.;1;0;0;0;2006-01-01;
1.909;Retorno de bem remetido por conta de contrato de comodato ou locação.;1;0;0;0;2006-01-01;
1.910;Entrada de bonificação, doação ou brinde.;1;0;0;0;2006-01-01;
1.911;Entrada de amostra grátis.;1;0;0;0;2006-01-01;
1.912;Entrada de mercadoria ou bem recebido para demonstração ou mostruário.;1;0;0;0;2006-01-01;
1.913;Retorno de mercadoria ou bem remetido para demonstração, mostruário ou treinamento.;1;0;0;0;2006-01-01;
1.914;Retorno de mercadoria ou bem remetido para exposição ou feira.;1;0;0;0;2006-01-01;
1.915;Entrada de mercadoria ou bem recebido para conserto ou reparo.;1;0;0;0;2006-01-01;
1.916;Retorno de mercadoria ou bem remetido para conserto ou reparo.;1;0;0;0;2006-01-01;
1.917;Entrada de mercadoria recebida em consignação mercantil ou industrial.;1;0;0;0;2006-01-01;
1.918;Devolução de mercadoria remetida em consignação mercantil ou industrial.;1;0;0;1;2006-01-01;
1.919;Devolução simbólica de mercadoria vendida ou utilizada em processo industrial, remetida anteriormente em consignação mercantil ou industrial.;1;0;0;1;2006-01-01;
1.920;Entrada de embalagens, bombonas, vasilhames, sacarias, pallets ou assemelhados.;1;0;0;0;2006-01-01;
1.921;Retorno de embalagens, bombonas, vasilhames, sacarias, pallets ou assemelhados.;1;0;0;0;2006-01-01;
1.922;Lançamento efetuado a título de simples faturamento decorrente de compra para recebimento futuro.;1;0;0;0;2006-01-01;
1.923;Entrada de mercadoria recebida do vendedor remetente, em venda à ordem.;1;0;0;0;2006-01-01;
1.924;Entrada para industrialização por conta e ordem do adquirente da mercadoria, quando esta não transitar pelo estabelecimento do adquirente.;1;0;0;0;2006-01-01;
1.925;Retorno de mercadoria remetida para industrialização por conta e ordem do adquirente da mercadoria, quando esta não transitar pelo estabelecimento do adquirente.;1;0;0;0;2006-01-01;
1.926;Lançamento efetuado a título de reclassificação de mercadoria decorrente de formação de kit ou de sua desagregação.;1;0;0;0;2006-01-01;
1.931;Lançamento efetuado pelo tomador do serviço de transporte quando a responsabilidade de retenção do imposto for atribuída ao remetente ou alienante da mercadoria, pelo serviço de transporte realizado por transportador autônomo ou por transportador não inscrito na unidade da Federação onde iniciado o serviço.;1;0;0;0;2006-01-01;
1.932;Aquisição de serviço de transporte iniciado em unidade da Federação diversa daquela onde inscrito o prestador.;1;0;0;0;2006-01-01;
1.933;Aquisição de serviço sujeito ao ISSQN.;1;0;0;0;2006-01-01;
1.934;Entrada simbólica de mercadoria recebida para depósito em depósito fechado ou armazém geral.;1;0;0;0;2006-01-01;
1.949;Outra entrada de mercadoria ou prestação de serviço não especificada.;1;0;0;0;2006-01-01;
2.101;Compra para industrialização ou produção rural.;1;0;0;0;2006-01-01;
2.102;Compra para comercialização.;1;0;0;0;2006-01-01;
2.111;Compra para industrialização de mercadoria recebida anteriormente em consignação industrial.;1;0;0;0;2006-01-01;
2.113;Compra para comercialização, de mercadoria recebida anteriormente em consignação mercantil.;1;0;0;0;2006-01-01;
2.116;Compra para industrialização ou produção rural originada de encomenda para recebimento futuro.;1;0;0;0;2006-01-01;
2.117;Compra para comercialização originada de encomenda para recebimento futuro.;1;0;0;0;2006-01-01;
2.118;Compra de mercadoria para comercialização pelo adquirente originário, entregue pelo vendedor remetente ao destinatário, em venda à ordem.;1;0;0;0;2006-01-01;
2.120;Compra para industrialização ou produção rural, em venda à ordem, já recebida do vendedor remetente.;1;0;0;0;2006-01-01;
2.121;Compra para comercialização, em venda à ordem, já recebida do vendedor remetente.;1;0;0;0;2006-01-01;
2.122;Compra para industrialização em que a mercadoria foi remetida pelo fornecedor ao industrializador sem transitar pelo estabelecimento adquirente.;1;0;0;0;2006-01-01;
2.124;Industrialização efetuada por outra empresa.;1;0;0;0;2006-01-01;
2.125;Industrialização efetuada por outra empresa quando a mercadoria remetida para utilização no processo de industrialização não transitou pelo estabelecimento adquirente da mercadoria.;1;0;0;0;2006-01-01;
2.126;Compra para utilização na prestação de serviço sujeita ao ICMS.;1;0;0;0;2006-01-01;
2.128;Compra para utilização na prestação de serviço sujeita ao ISSQN.;1;0;0;0;2006-01-01;
2.131;Entrada de mercadoria, com previsão de posterior ajuste ou fixação de preço, em ato cooperativo.;1;0;0;0;2018-01-01;
2.132;Fixação de preço de produção do estabelecimento produtor, inclusive quando remetidas anteriormente com previsão de posterior ajuste ou fixação de preço, em ato cooperativo, para comercialização.;1;0;0;0;2018-01-01;
2.135;Fixação de preço de produção do estabelecimento produtor, inclusive quando remetidas anteriormente com previsão de posterior ajuste ou fixação de preço, em ato cooperativo, para industrialização.;1;0;0;0;2018-01-01;
2.151;Transferência para industrialização ou produção rural.;1;0;0;0;2006-01-01;
2.152;Transferência para comercialização.;1;0;0;0;2006-01-01;
2.153;Transferência de energia elétrica para distribuição.;1;0;0;0;2006-01-01;
2.154;Transferência para utilização na prestação de serviço.;1;0;0;0;2006-01-01;
2.159;Entrada decorrente do fornecimento de produto ou mercadoria em ato cooperativo.;1;0;0;0;2018-09-01;
2.201;Devolução de venda de produção do estabelecimento.;1;0;0;1;2006-01-01;
2.202;Devolução de venda de mercadoria adquirida ou recebida de terceiros, ou qualquer devolução de mercadoria efetuada pelo MEI com exceção das classificadas nos códigos 2.503, 2.504, 2.505 e 2.506.;1;0;0;1;2006-01-01;
2.203;Devolução de venda de produção do estabelecimento, destinada à Zona Franca de Manaus ou Áreas de Livre Comércio.;1;0;0;1;2006-01-01;
2.204;Devolução de venda de mercadoria adquirida ou recebida de terceiros, destinada à Zona Franca de Manaus ou Áreas de Livre Comércio.;1;0;0;1;2006-01-01;
2.205;Anulação de valor relativo à prestação de serviço de comunicação.;1;0;0;0;2006-01-01;
2.206;Anulação de valor relativo à prestação de serviço de transporte.;1;0;0;0;2006-01-01;
2.207;Anulação de valor relativo à venda de energia elétrica.;1;0;0;0;2006-01-01;
2.208;Devolução de produção do estabelecimento, remetida em transferência.;1;0;0;1;2006-01-01;
2.209;Devolução de mercadoria adquirida ou recebida de terceiros, remetida em transferência.;1;0;0;1;2006-01-01;
2.212;Devolução de venda no mercado interno de mercadoria industrializada e insumo importado sob o Regime Aduaneiro Especial de Entreposto Industrial sob Controle Informatizado do Sistema Público de Escrituração Digital (Recof-Sped).;1;0;0;1;2006-01-01;
2.213;Devolução de remessa de produção do estabelecimento, com previsão de posterior ajuste ou fixação de preço, em ato cooperativo.;1;0;0;1;2018-01-01;
2.214;Devolução referente à fixação de preço de produção do estabelecimento produtor, em ato cooperativo.;1;0;0;1;2018-01-01;
2.215;Devolução de fornecimento de produção do estabelecimento em ato cooperativo.;1;0;0;1;2019-05-01;
2.216;Devolução de fornecimento de mercadoria adquirida ou recebida de terceiros em ato cooperativo.;1;0;0;1;2019-05-01;
2.251;Compra de energia elétrica para distribuição ou comercialização.;1;0;0;0;2006-01-01;
2.252;Compra de energia elétrica por estabelecimento industrial.;1;0;0;0;2006-01-01;
2.253;Compra de energia elétrica por estabelecimento comercial.;1;0;0;0;2006-01-01;
2.254;Compra de energia elétrica por estabelecimento prestador de serviço de transporte.;1;0;0;0;2006-01-01;
2.255;Compra de energia elétrica por estabelecimento prestador de serviço de comunicação.;1;0;0;0;2006-01-01;
2.256;Compra de energia elétrica por estabelecimento de produtor rural.;1;0;0;0;2006-01-01;
2.257;Compra de energia elétrica para consumo por demanda contratada.;1;0;0;0;2006-01-01;
2.301;Aquisição de serviço de comunicação para execução de serviço da mesma natureza.;1;0;0;0;2006-01-01;
2.302;Aquisição de serviço de comunicação por estabelecimento industrial.;1;0;0;0;2006-01-01;
2.303;Aquisição de serviço de comunicação por estabelecimento comercial.;1;0;0;0;2006-01-01;
2.304;Aquisição de serviço de comunicação por estabelecimento de prestador de serviço de transporte.;1;0;0;0;2006-01-01;
2.305;Aquisição de serviço de comunicação por estabelecimento de geradora ou de distribuidora de energia elétrica.;1;0;0;0;2006-01-01;
2.306;Aquisição de serviço de comunicação por estabelecimento de produtor rural.;1;0;0;0;2006-01-01;
2.351;Aquisição de serviço de transporte para execução de serviço da mesma natureza.;1;0;0;0;2006-01-01;
2.352;Aquisição de serviço de transporte por estabelecimento industrial.;1;0;0;0;2006-01-01;
2.353;Aquisição de serviço de transporte por estabelecimento comercial.;1;0;0;0;2006-01-01;
2.354;Aquisição de serviço de transporte por estabelecimento de prestador de serviço de comunicação.;1;0;0;0;2006-01-01;
2.355;Aquisição de serviço de transporte por estabelecimento de geradora ou de distribuidora de energia elétrica.;1;0;0;0;2006-01-01;
2.356;Aquisição de serviço de transporte por estabelecimento de produtor rural.;1;0;0;0;2006-01-01;
2.401;Compra para industrialização ou produção rural em operação com mercadoria sujeita ao regime de substituição tributária.;1;0;0;0;2006-01-01;
2.403;Compra para comercialização em operação com mercadoria sujeita ao regime de substituição tributária.;1;0;0;0;2006-01-01;
2.406;Compra de bem para o ativo imobilizado cuja mercadoria está sujeita ao regime de substituição tributária.;1;0;0;0;2006-01-01;
2.407;Compra de mercadoria para uso ou consumo cuja mercadoria está sujeita ao regime de substituição tributária.;1;0;0;0;2006-01-01;
2.408;Transferência para industrialização ou produção rural em operação com mercadoria sujeita ao regime de substituição tributária.;1;0;0;0;2006-01-01;
2.409;Transferência para comercialização em operação com mercadoria sujeita ao regime de substituição tributária.;1;0;0;0;2006-01-01;
2.410;Devolução de venda de produção do estabelecimento em operação com produto sujeito ao regime de substituição tributária.;1;0;0;1;2006-01-01;
2.411;Devolução de venda de mercadoria adquirida ou recebida de terceiros em operação com mercadoria sujeita ao regime de substituição tributária.;1;0;0;1;2006-01-01;
2.414;Retorno de produção do estabelecimento, remetida para venda fora do estabelecimento em operação com produto sujeito ao regime de substituição tributária.;1;0;0;0;2006-01-01;
2.415;Retorno de mercadoria adquirida ou recebida de terceiros, remetida para venda fora do estabelecimento em operação com mercadoria sujeita ao regime de substituição tributária.;1;0;0;0;2006-01-01;
2.451;Entrada de animal - Sistema de Integração e Parceria Rural.;1;0;0;0;2019-12-01;
2.452;Entrada de insumo - Sistema de Integração e Parceria Rural.;1;0;0;0;2019-12-01;
2.453;Retorno do animal ou da produção - Sistema de Integração e Parceria Rural.;1;0;0;0;2019-12-01;
2.454;Retorno simbólico do animal ou da produção - Sistema de Integração e Parceria Rural.;1;0;0;0;2019-12-01;
2.455;Retorno de insumo não utilizado na produção - Sistema de Integração e Parceria Rural.;1;0;0;0;2019-12-01;
2.456;Entrada referente à remuneração do produtor no Sistema de Integração e Parceria Rural.;1;0;0;0;2019-12-01;
2.501;Entrada de mercadoria recebida com fim específico de exportação.;1;0;0;0;2006-01-01;
2.503;Entrada decorrente de devolução de produto remetido com fim específico de exportação, de produção do estabelecimento.;1;0;0;1;2006-01-01;
2.504;Entrada decorrente de devolução, inclusive simbólica, de mercadoria remetida com fim específico de exportação, adquirida ou recebida de terceiros.;1;0;0;1;2006-01-01;
2.505;Entrada decorrente de devolução, inclusive simbólica, de mercadorias remetidas para formação de lote de exportação, de produtos industrializados ou produzidos pelo próprio estabelecimento.;1;0;0;1;2006-01-01;
2.506;Entrada decorrente de devolução, inclusive simbólica, de mercadorias adquiridas ou recebidas de terceiros, remetidas para formação de lote de exportação.;1;0;0;1;2006-01-01;
2.551;Compra de bem para o ativo imobilizado.;1;0;0;0;2006-01-01;
2.552;Transferência de bem do ativo imobilizado.;1;0;0;0;2006-01-01;
2.553;Devolução de venda de bem do ativo imobilizado.;1;0;0;1;2006-01-01;
2.554;Retorno de bem do ativo imobilizado remetido para uso fora do estabelecimento.;1;0;0;0;2006-01-01;
2.555;Entrada de bem do ativo imobilizado de terceiro, remetido para uso no estabelecimento.;1;0;0;0;2006-01-01;
2.556;Compra de material para uso ou consumo.;1;0;0;0;2006-01-01;
2.557;Transferência de material para uso ou consumo.;1;0;0;0;2006-01-01;
2.603;Ressarcimento de ICMS retido por substituição tributária.;1;0;0;0;2006-01-01;
2.651;Compra de combustíveis ou lubrificantes para industrialização subsequente.;1;0;0;0;2006-01-01;
2.652;Compra de combustíveis ou lubrificantes para comercialização.;1;0;0;0;2006-01-01;
2.653;Compra de combustíveis ou lubrificantes por consumidor ou usuário final.;1;0;0;0;2006-01-01;
2.657;Retorno de remessa de combustíveis ou lubrificantes para venda fora do estabelecimento.;1;0;0;0;2020-02-01;
2.658;Transferência de combustíveis ou lubrificantes para industrialização.;1;0;0;0;2006-01-01;
2.659;Transferência de combustíveis ou lubrificantes para comercialização.;1;0;0;0;2006-01-01;
2.660;Devolução de venda de combustíveis ou lubrificantes destinados à industrialização subsequente.;1;0;0;1;2006-01-01;
2.661;Devolução de venda de combustíveis ou lubrificantes destinados à comercialização.;1;0;0;1;2006-01-01;
2.662;Devolução de venda de combustíveis ou lubrificantes destinados a consumidor ou usuário final.;1;0;0;1;2006-01-01;
2.663;Entrada de combustíveis ou lubrificantes para armazenagem.;1;0;0;0;2006-01-01;
2.664;Retorno de combustíveis ou lubrificantes remetidos para armazenagem.;1;0;0;0;2006-01-01;
2.901;Entrada para industrialização por encomenda.;1;0;0;0;2006-01-01;
2.902;Retorno de mercadoria remetida para industrialização por encomenda.;1;0;0;0;2006-01-01;
2.903;Entrada de mercadoria remetida para industrialização e não aplicada no referido processo.;1;0;0;0;2006-01-01;
2.904;Retorno de remessa para venda fora do estabelecimento, ou qualquer entrada e retorno de remessa efetuada pelo MEI com exceção dos classificados nos códigos 2.202, 2.503, 2.504, 2.505 e 2.506.;1;0;0;0;2006-01-01;
2.905;Entrada de mercadoria recebida para depósito em depósito fechado, armazém geral ou outro estabelecimento da mesma empresa ou de terceiro.;1;0;0;0;2006-01-01;
2.906;Retorno de mercadoria remetida para depósito fechado, armazém geral ou outro estabelecimento da mesma empresa ou de terceiro.;1;0;0;0;2006-01-01;
2.907;Retorno simbólico de mercadoria remetida para depósito fechado, armazém geral ou outro estabelecimento da mesma empresa ou de terceiro.;1;0;0;0;2006-01-01;
2.908;Entrada de bem por conta de contrato de comodato ou locação.;1;0;0;0;2006-01-01;
2.909;Retorno de bem remetido por conta de contrato de comodato ou locação.;1;0;0;0;2006-01-01;
2.910;Entrada de bonificação, doação ou brinde.;1;0;0;0;2006-01-01;
2.911;Entrada de amostra grátis.;1;0;0;0;2006-01-01;
2.912;Entrada de mercadoria ou bem recebido para demonstração ou mostruário.;1;0;0;0;2006-01-01;
2.913;Retorno de mercadoria ou bem remetido para demonstração, mostruário ou treinamento.;1;0;0;0;2006-01-01;
2.914;Retorno de mercadoria ou bem remetido para exposição ou feira.;1;0;0;0;2006-01-01;
2.915;Entrada de mercadoria ou bem recebido para conserto ou reparo.;1;0;0;0;2006-01-01;
2.916;Retorno de mercadoria ou bem remetido para conserto ou reparo.;1;0;0;0;2006-01-01;
2.917;Entrada de mercadoria recebida em consignação mercantil ou industrial.;1;0;0;0;2006-01-01;
2.918;Devolução de mercadoria remetida em consignação mercantil ou industrial.;1;0;0;1;2006-01-01;
2.919;Devolução simbólica de mercadoria vendida ou utilizada em processo industrial, remetida anteriormente em consignação mercantil ou industrial.;1;0;0;1;2006-01-01;
2.920;Entrada de embalagens, bombonas, vasilhames, sacarias, pallets ou assemelhados.;1;0;0;0;2006-01-01;
2.921;Retorno de embalagens, bombonas, vasilhames, sacarias, pallets ou assemelhados.;1;0;0;0;2006-01-01;
2.922;Lançamento efetuado a título de simples faturamento decorrente de compra para recebimento futuro.;1;0;0;0;2006-01-01;
2.923;Entrada de mercadoria recebida do vendedor remetente, em venda à ordem.;1;0;0;0;2006-01-01;
2.924;Entrada para industrialização por conta e ordem do adquirente da mercadoria, quando esta não transitar pelo estabelecimento do adquirente.;1;0;0;0;2006-01-01;
2.925;Retorno de mercadoria remetida para industrialização por conta e ordem do adquirente da mercadoria, quando esta não transitar pelo estabelecimento do adquirente.;1;0;0;0;2006-01-01;
2.931;Lançamento efetuado pelo tomador do serviço de transporte quando a responsabilidade de retenção do imposto for atribuída ao remetente ou alienante da mercadoria, pelo serviço de transporte realizado por transportador autônomo ou por transportador não inscrito na unidade da Federação onde iniciado o serviço.;1;0;0;0;2006-01-01;
2.932;Aquisição de serviço de transporte iniciado em unidade da Federação diversa daquela onde inscrito o prestador.;1;0;0;0;2006-01-01;
2.933;Aquisição de serviço sujeito ao ISSQN.;1;0;0;0;2006-01-01;
2.934;Entrada simbólica de mercadoria recebida para depósito em depósito fechado ou armazém geral.;1;0;0;0;2006-01-01;
2.949;Outra entrada de mercadoria ou prestação de serviço não especificada.;1;0;0;0;2006-01-01;
3.101;Compra para industrialização ou produção rural.;1;0;0;0;2006-01-01;
3.102;Compra para comercialização.;1;0;0;0;2006-01-01;
3.126;Compra para utilização na prestação de serviço sujeita ao ICMS.;1;0;0;0;2006-01-01;
3.127;Compra para industrialização sob o regime de “drawback”.;1;0;0;0;2006-01-01;
3.128;Compra para utilização na prestação de serviço sujeita ao ISSQN.;1;0;0;0;2006-01-01;
3.129;Compra para industrialização sob o Regime Aduaneiro Especial de Entreposto Industrial sob Controle Informatizado do Sistema Público de Escrituração Digital (Recof-Sped).;1;0;0;0;2006-01-01;
3.201;Devolução de venda de produção do estabelecimento.;1;0;0;1;2006-01-01;
3.202;Devolução de venda de mercadoria adquirida ou recebida de terceiros.;1;0;0;1;2006-01-01;
3.205;Anulação de valor relativo à prestação de serviço de comunicação.;1;0;0;0;2006-01-01;
3.206;Anulação de valor relativo à prestação de serviço de transporte.;1;0;0;0;2006-01-01;
3.207;Anulação de valor relativo à venda de energia elétrica.;1;0;0;0;2006-01-01;
3.211;Devolução de venda de produção do estabelecimento sob o regime de “drawback”.;1;0;0;1;2006-01-01;
3.212;Devolução de venda no mercado externo de mercadoria industrializada sob o Regime Aduaneiro Especial de Entreposto Industrial sob Controle Informatizado do Sistema Público de Escrituração Digital (Recof-Sped).;1;0;0;1;2006-01-01;
3.251;Compra de energia elétrica para distribuição ou comercialização.;1;0;0;0;2006-01-01;
3.301;Aquisição de serviço de comunicação para execução de serviço da mesma natureza.;1;0;0;0;2006-01-01;
3.351;Aquisição de serviço de transporte para execução de serviço da mesma natureza.;1;0;0;0;2006-01-01;
3.352;Aquisição de serviço de transporte por estabelecimento industrial.;1;0;0;0;2006-01-01;
3.353;Aquisição de serviço de transporte por estabelecimento comercial.;1;0;0;0;2006-01-01;
3.354;Aquisição de serviço de transporte por estabelecimento de prestador de serviço de comunicação.;1;0;0;0;2006-01-01;
3.355;Aquisição de serviço de transporte por estabelecimento de geradora ou de distribuidora de energia elétrica.;1;0;0;0;2006-01-01;
3.356;Aquisição de serviço de transporte por estabelecimento de produtor rural.;1;0;0;0;2006-01-01;
3.503;Devolução de mercadoria exportada que tenha sido recebida com fim específico de exportação.;1;0;0;1;2006-01-01;
3.551;Compra de bem para o ativo imobilizado.;1;0;0;0;2006-01-01;
3.552;Entrada de produto destinado para uso ou consumo de bordo, em embarcações ou aeronaves exclusivamente em tráfego internacional com destino ao exterior.;1;0;0;0;2021-06-01;
3.553;Devolução de venda de bem do ativo imobilizado.;1;0;0;1;2006-01-01;
3.556;Compra de material para uso ou consumo.;1;0;0;0;2006-01-01;
3.651;Compra de combustíveis ou lubrificantes para industrialização subsequente.;1;0;0;0;2006-01-01;
3.652;Compra de combustíveis ou lubrificantes para comercialização.;1;0;0;0;2006-01-01;
3.653;Compra de combustíveis ou lubrificantes por consumidor ou usuário final.;1;0;0;0;2006-01-01;
3.667;Entrada de combustíveis ou lubrificantes para consumo final, em embarcações ou aeronaves exclusivamente em tráfego internacional com destino ao exterior.;1;0;0;0;2021-06-01;
3.930;Lançamento efetuado a título de entrada de bem sob amparo de regime especial aduaneiro de admissão temporária.;1;0;0;0;2006-01-01;
3.949;Outra entrada de mercadoria ou prestação de serviço não especificada.;1;0;0;0;2006-01-01;
5.101;Venda de produção do estabelecimento.;1;0;0;0;2006-01-01;
5.102;Venda de mercadoria adquirida ou recebida de terceiros, ou qualquer venda de mercadoria efetuada pelo MEI com exceção das saídas classificadas nos códigos 5.501, 5.502, 5.504 e 5.505.;1;0;0;0;2006-01-01;
5.103;Venda de produção do estabelecimento, efetuada fora do estabelecimento.;1;0;0;0;2006-01-01;
5.104;Venda de mercadoria adquirida ou recebida de terceiros, efetuada fora do estabelecimento.;1;0;0;0;2006-01-01;
5.105;Venda de produção do estabelecimento que não deva por ele transitar.;1;0;0;0;2006-01-01;
5.106;Venda de mercadoria adquirida ou recebida de terceiros, que não deva por ele transitar.;1;0;0;0;2006-01-01;
5.109;Venda de produção do estabelecimento, destinada à Zona Franca de Manaus ou Áreas de Livre Comércio.;1;0;0;0;2006-01-01;
5.110;Venda de mercadoria adquirida ou recebida de terceiros, destinada à Zona Franca de Manaus ou Áreas de Livre Comércio.;1;0;0;0;2006-01-01;
5.111;Venda de produção do estabelecimento remetida anteriormente em consignação industrial.;1;0;0;0;2006-01-01;
5.112;Venda de mercadoria adquirida ou recebida de terceiros remetida anteriormente em consignação industrial.;1;0;0;0;2006-01-01;
5.113;Venda de produção do estabelecimento remetida anteriormente em consignação mercantil.;1;0;0;0;2006-01-01;
5.114;Venda de mercadoria adquirida ou recebida de terceiros remetida anteriormente em consignação mercantil.;1;0;0;0;2006-01-01;
5.115;Venda de mercadoria adquirida ou recebida de terceiros, recebida anteriormente em consignação mercantil.;1;0;0;0;2006-01-01;
5.116;Venda de produção do estabelecimento originada de encomenda para entrega futura.;1;0;0;0;2006-01-01;
5.117;Venda de mercadoria adquirida ou recebida de terceiros, originada de encomenda para entrega futura.;1;0;0;0;2006-01-01;
5.118;Venda de produção do estabelecimento industrial ou rural, entregue ao destinatário por conta e ordem do adquirente originário, em venda à ordem.;1;0;0;0;2006-01-01;
5.119;Venda de mercadoria adquirida ou recebida de terceiros entregue ao destinatário por conta e ordem do adquirente originário, em venda à ordem.;1;0;0;0;2006-01-01;
5.120;Venda de mercadoria adquirida ou recebida de terceiros entregue ao destinatário pelo vendedor remetente, em venda à ordem.;1;0;0;0;2006-01-01;
5.122;Venda de produção do estabelecimento remetida para industrialização, por conta e ordem do adquirente, sem transitar pelo estabelecimento do adquirente.;1;0;0;0;2006-01-01;
5.123;Venda de mercadoria adquirida ou recebida de terceiros remetida para industrialização, por conta e ordem do adquirente, sem transitar pelo estabelecimento do adquirente.;1;0;0;0;2006-01-01;
5.124;Industrialização efetuada para outra empresa.;1;0;0;0;2006-01-01;
5.125;Industrialização efetuada para outra empresa quando a mercadoria recebida para utilização no processo de industrialização não transitar pelo estabelecimento adquirente da mercadoria.;1;0;0;0;2006-01-01;
5.129;Venda de mercadoria industrializada e de insumo importado sob o amparo do Regime Aduaneiro Especial de Entreposto Industrial sob Controle Informatizado do Sistema Público de Escrituração Digital (Recof-Sped).;1;0;0;0;2006-01-01;
5.131;Remessa de produção do estabelecimento, com previsão de posterior ajuste ou fixação de preço, em ato cooperativo.;1;0;0;0;2018-01-01;
5.132;Fixação de preço de produção do estabelecimento, inclusive quando remetidas anteriormente com previsão de posterior ajuste ou fixação de preço, em ato cooperativo.;1;0;0;0;2018-01-01;
5.151;Transferência de produção do estabelecimento.;1;0;0;0;2006-01-01;
5.152;Transferência de mercadoria adquirida ou recebida de terceiros.;1;0;0;0;2006-01-01;
5.153;Transferência de energia elétrica.;1;0;0;0;2006-01-01;
5.155;Transferência de produção do estabelecimento para depósito em depósito fechado, armazém geral ou outro estabelecimento da mesma empresa ou de terceiro, que não deva por ele transitar.;1;0;0;0;2006-01-01;
5.156;Transferência de mercadoria adquirida ou recebida de terceiros para depósito em depósito fechado, armazém geral ou outro estabelecimento da mesma empresa ou de terceiro, que não deva por ele transitar.;1;0;0;0;2006-01-01;
5.159;Fornecimento de produção do estabelecimento em ato cooperativo.;1;0;0;0;2018-09-01;
5.160;Fornecimento de mercadoria adquirida ou recebida de terceiros em ato cooperativo.;1;0;0;0;2018-09-01;
5.201;Devolução de compra para industrialização ou produção rural.;1;0;0;1;2006-01-01;
5.202;Devolução de compra para comercialização, ou qualquer devolução de mercadorias efetuada pelo MEI com exceção das classificadas no código 5.503.;1;0;0;1;2006-01-01;
5.205;Anulação de valor relativo à aquisição de serviço de comunicação.;1;0;0;0;2006-01-01;
5.206;Anulação de valor relativo à aquisição de serviço de transporte.;1;0;0;0;2006-01-01;
5.207;Anulação de valor relativo à compra de energia elétrica.;1;0;0;0;2006-01-01;
5.208;Devolução de mercadoria recebida em transferência para industrialização ou produção rural.;1;0;0;1;2006-01-01;
5.209;Devolução de mercadoria recebida em transferência para comercialização.;1;0;0;1;2006-01-01;
5.210;Devolução de compra para utilização na prestação de serviço.;1;0;0;1;2006-01-01;
5.213;Devolução de entrada, inclusive simbólica, de mercadoria com previsão de posterior ajuste ou fixação de preço, em ato cooperativo.;1;0;0;1;2018-01-01;
5.214;Devolução referente à fixação de preço de produção do estabelecimento produtor, inclusive quando remetidas anteriormente com previsão de posterior ajuste ou fixação de preço, em ato cooperativo, para comercialização.;1;0;0;1;2018-01-01;
5.215;Devolução referente à fixação de preço de produção do estabelecimento produtor, inclusive quando remetidas anteriormente com previsão de posterior ajuste ou fixação de preço, em ato cooperativo, para industrialização.;1;0;0;1;2018-01-01;
5.216;Devolução de entrada decorrente do fornecimento de produto ou mercadoria em ato cooperativo.;1;0;0;1;2019-05-01;
5.251;Venda de energia elétrica para distribuição ou comercialização.;1;0;0;0;2006-01-01;
5.252;Venda de energia elétrica para estabelecimento industrial.;1;0;0;0;2006-01-01;
5.253;Venda de energia elétrica para estabelecimento comercial.;1;0;0;0;2006-01-01;
5.254;Venda de energia elétrica para estabelecimento prestador de serviço de transporte.;1;0;0;0;2006-01-01;
5.255;Venda de energia elétrica para estabelecimento prestador de serviço de comunicação.;1;0;0;0;2006-01-01;
5.256;Venda de energia elétrica para estabelecimento de produtor rural.;1;0;0;0;2006-01-01;
5.257;Venda de energia elétrica para consumo por demanda contratada.;1;0;0;0;2006-01-01;
5.258;Venda de energia elétrica a não contribuinte.;1;0;0;0;2006-01-01;
5.301;Prestação de serviço de comunicação para execução de serviço da mesma natureza.;0;1;0;0;2006-01-01;
5.302;Prestação de serviço de comunicação a estabelecimento industrial.;0;1;0;0;2006-01-01;
5.303;Prestação de serviço de comunicação a estabelecimento comercial.;0;1;0;0;2006-01-01;
5.304;Prestação de serviço de comunicação a estabelecimento de prestador de serviço de transporte.;0;1;0;0;2006-01-01;
5.305;Prestação de serviço de comunicação a estabelecimento de geradora ou de distribuidora de energia elétrica.;0;1;0;0;2006-01-01;
5.306;Prestação de serviço de comunicação a estabelecimento de produtor rural.;0;1;0;0;2006-01-01;
5.307;Prestação de serviço de comunicação a não contribuinte.;0;1;0;0;2006-01-01;
5.351;Prestação de serviço de transporte para execução de serviço da mesma natureza.;0;0;1;0;2006-01-01;
5.352;Prestação de serviço de transporte a estabelecimento industrial.;0;0;1;0;2006-01-01;
5.353;Prestação de serviço de transporte a estabelecimento comercial.;0;0;1;0;2006-01-01;
5.354;Prestação de serviço de transporte a estabelecimento de prestador de serviço de comunicação.;0;0;1;0;2006-01-01;
5.355;Prestação de serviço de transporte a estabelecimento de geradora ou de distribuidora de energia elétrica.;0;0;1;0;2006-01-01;
5.356;Prestação de serviço de transporte a estabelecimento de produtor rural.;0;0;1;0;2006-01-01;
5.357;Prestação de serviço de transporte a não contribuinte.;0;0;1;0;2006-01-01;
5.359;Prestação de serviço de transporte a contribuinte ou a não contribuinte quando a mercadoria transportada está dispensada de emissão de nota fiscal.;0;0;1;0;2006-01-01;
5.360;Prestação de serviço de transporte a contribuinte substituto em relação ao serviço de transporte.;0;0;1;0;2006-01-01;
5.401;Venda de produção do estabelecimento em operação com produto sujeito ao regime de substituição tributária, na condição de contribuinte substituto.;1;0;0;0;2006-01-01;
5.402;Venda de produção do estabelecimento de produto sujeito ao regime de substituição tributária, em operação entre contribuintes substitutos do mesmo produto.;1;0;0;0;2006-01-01;
5.403;Venda de mercadoria adquirida ou recebida de terceiros em operação com mercadoria sujeita ao regime de substituição tributária, na condição de contribuinte substituto.;1;0;0;0;2006-01-01;
5.405;Venda de mercadoria adquirida ou recebida de terceiros em operação com mercadoria sujeita ao regime de substituição tributária, na condição de contribuinte substituído.;1;0;0;0;2006-01-01;
5.408;Transferência de produção do estabelecimento em operação com produto sujeito ao regime de substituição tributária.;1;0;0;0;2006-01-01;
5.409;Transferência de mercadoria adquirida ou recebida de terceiros em operação com mercadoria sujeita ao regime de substituição tributária.;1;0;0;0;2006-01-01;
5.410;Devolução de compra para industrialização ou produção rural em operação com mercadoria sujeita ao regime de substituição tributária.;1;0;0;1;2006-01-01;
5.411;Devolução de compra para comercialização em operação com mercadoria sujeita ao regime de substituição tributária.;1;0;0;1;2006-01-01;
5.412;Devolução de bem do ativo imobilizado, em operação com mercadoria sujeita ao regime de substituição tributária.;1;0;0;1;2006-01-01;
5.413;Devolução de mercadoria destinada para uso ou consumo, em operação com mercadoria sujeita ao regime de substituição tributária.;1;0;0;1;2006-01-01;
5.414;Remessa de produção do estabelecimento para venda fora do estabelecimento em operação com produto sujeito ao regime de substituição tributária.;1;0;0;0;2006-01-01;
5.415;Remessa de mercadoria adquirida ou recebida de terceiros para venda fora do estabelecimento, em operação com mercadoria sujeita ao regime de substituição tributária.;1;0;0;0;2006-01-01;
5.451;Remessa de animal - Sistema de Integração e Parceria Rural.;1;0;0;0;2006-01-01;
5.452;Remessa de insumo - Sistema de Integração e Parceria Rural.;1;0;0;0;2019-12-01;
5.453;Retorno de animal ou da produção - Sistema de Integração e Parceria Rural.;1;0;0;0;2019-12-01;
5.454;Retorno simbólico de animal ou da produção - Sistema de Integração e Parceria Rural.;1;0;0;0;2019-12-01;
5.455;Retorno de insumos não utilizados na produção - Sistema de Integração e Parceria Rural.;1;0;0;0;2019-12-01;
5.456;Saída referente à remuneração do produtor - Sistema de Integração e Parceria Rural.;1;0;0;0;2019-12-01;
5.501;Remessa de produção do estabelecimento, com fim específico de exportação.;1;0;0;0;2006-01-01;
5.502;Remessa de mercadoria adquirida ou recebida de terceiros, com fim específico de exportação.;1;0;0;0;2006-01-01;
5.503;Devolução de mercadoria recebida com fim específico de exportação.;1;0;0;1;2006-01-01;
5.504;Remessa de mercadorias para formação de lote de exportação, de produtos industrializados ou produzidos pelo próprio estabelecimento.;1;0;0;0;2006-01-01;
5.505;Remessa de mercadorias, adquiridas ou recebidas de terceiros, para formação de lote de exportação.;1;0;0;0;2006-01-01;
5.551;Venda de bem do ativo imobilizado.;1;0;0;0;2006-01-01;
5.552;Transferência de bem do ativo imobilizado.;1;0;0;0;2006-01-01;
5.553;Devolução de compra de bem para o ativo imobilizado.;1;0;0;1;2006-01-01;
5.554;Remessa de bem do ativo imobilizado para uso fora do estabelecimento.;1;0;0;0;2006-01-01;
5.555;Devolução de bem do ativo imobilizado de terceiro, recebido para uso no estabelecimento.;1;0;0;1;2006-01-01;
5.556;Devolução de compra de material para uso ou consumo.;1;0;0;1;2006-01-01;
5.557;Transferência de material para uso ou consumo.;1;0;0;0;2006-01-01;
5.601;Transferência de crédito de ICMS acumulado.;1;0;0;0;2006-01-01;
5.602;Transferência de saldo credor de ICMS para outro estabelecimento da mesma empresa, destinado à compensação de saldo devedor de ICMS.;1;0;0;0;2006-01-01;
5.603;Ressarcimento de ICMS retido por substituição tributária.;1;0;0;0;2006-01-01;
5.605;Transferência de saldo devedor de ICMS para outro estabelecimento da mesma empresa.;1;0;0;0;2006-01-01;
5.606;Utilização de saldo credor de ICMS para extinção por compensação de débitos fiscais.;1;0;0;0;2006-01-01;
5.651;Venda de combustíveis ou lubrificantes de produção do estabelecimento destinados à industrialização subsequente.;1;0;0;0;2006-01-01;
5.652;Venda de combustíveis ou lubrificantes de produção do estabelecimento destinados à comercialização.;1;0;0;0;2006-01-01;
5.653;Venda de combustíveis ou lubrificantes de produção do estabelecimento destinados a consumidor ou usuário final.;1;0;0;0;2006-01-01;
5.654;Venda de combustíveis ou lubrificantes adquiridos ou recebidos de terceiros destinados à industrialização subsequente.;1;0;0;0;2006-01-01;
5.655;Venda de combustíveis ou lubrificantes adquiridos ou recebidos de terceiros destinados à comercialização.;1;0;0;0;2006-01-01;
5.656;Venda de combustíveis ou lubrificantes adquiridos ou recebidos de terceiros destinados a consumidor ou usuário final.;1;0;0;0;2006-01-01;
5.657;Remessa de combustíveis ou lubrificantes adquiridos ou recebidos de terceiros para venda fora do estabelecimento.;1;0;0;0;2006-01-01;
5.658;Transferência de combustíveis ou lubrificantes de produção do estabelecimento.;1;0;0;0;2006-01-01;
5.659;Transferência de combustíveis ou lubrificantes adquiridos ou recebidos de terceiros.;1;0;0;0;2006-01-01;
5.660;Devolução de compra de combustíveis ou lubrificantes adquiridos para industrialização subsequente.;1;0;0;1;2006-01-01;
5.661;Devolução de compra de combustíveis ou lubrificantes adquiridos para comercialização.;1;0;0;1;2006-01-01;
5.662;Devolução de compra de combustíveis ou lubrificantes adquiridos por consumidor ou usuário final.;1;0;0;1;2006-01-01;
5.663;Remessa para armazenagem de combustíveis ou lubrificantes.;1;0;0;0;2006-01-01;
5.664;Retorno de combustíveis ou lubrificantes recebidos para armazenagem.;1;0;0;0;2006-01-01;
5.665;Retorno simbólico de combustíveis ou lubrificantes recebidos para armazenagem.;1;0;0;0;2006-01-01;
5.666;Remessa por conta e ordem de terceiros de combustíveis ou lubrificantes recebidos para armazenagem.;1;0;0;0;2006-01-01;
5.667;Venda de combustíveis ou lubrificantes a consumidor ou usuário final estabelecido em outra unidade da Federação.;1;0;0;0;2006-01-01;
5.901;Remessa para industrialização por encomenda.;1;0;0;0;2006-01-01;
5.902;Retorno de mercadoria utilizada na industrialização por encomenda.;1;0;0;0;2006-01-01;
5.903;Retorno de mercadoria recebida para industrialização e não aplicada no referido processo.;1;0;0;0;2006-01-01;
5.904;Remessa para venda fora do estabelecimento, ou qualquer remessa efetuada pelo MEI com exceção das classificadas nos códigos 5.502 e 5.505.;1;0;0;0;2006-01-01;
5.905;Remessa para depósito fechado, armazém geral ou outro estabelecimento da mesma empresa ou de terceiro.;1;0;0;0;2006-01-01;
5.906;Retorno de mercadoria depositada em depósito fechado, armazém geral ou outro estabelecimento da mesma empresa ou de terceiro.;1;0;0;0;2006-01-01;
5.907;Retorno simbólico de mercadoria depositada em depósito fechado, armazém geral ou outro estabelecimento da mesma empresa ou de terceiro.;1;0;0;0;2006-01-01;
5.908;Remessa de bem por conta de contrato de comodato ou locação.;1;0;0;0;2006-01-01;
5.909;Retorno de bem recebido por conta de contrato de comodato ou locação.;1;0;0;0;2006-01-01;
5.910;Remessa em bonificação, doação ou brinde.;1;0;0;0;2006-01-01;
5.911;Remessa de amostra grátis.;1;0;0;0;2006-01-01;
5.912;Remessa de mercadoria ou bem para demonstração, mostruário ou treinamento.;1;0;0;0;2006-01-01;
5.913;Retorno de mercadoria ou bem recebido para demonstração ou mostruário.;1;0;0;0;2006-01-01;
5.914;Remessa de mercadoria ou bem para exposição ou feira.;1;0;0;0;2006-01-01;
5.915;Remessa de mercadoria ou bem para conserto ou reparo.;1;0;0;0;2006-01-01;
5.916;Retorno de mercadoria ou bem recebido para conserto ou reparo.;1;0;0;0;2006-01-01;
5.917;Remessa de mercadoria em consignação mercantil ou industrial.;1;0;0;0;2006-01-01;
5.918;Devolução de mercadoria recebida em consignação mercantil ou industrial.;1;0;0;1;2006-01-01;
5.919;Devolução simbólica de mercadoria vendida ou utilizada em processo industrial, recebida anteriormente em consignação mercantil ou industrial.;1;0;0;1;2006-01-01;
5.920;Remessa de embalagens, bombonas, vasilhames, sacarias, pallets, containers ou assemelhados.;1;0;0;0;2006-01-01;
5.921;Devolução de embalagens, bombonas, vasilhames, sacarias, pallets, containers ou assemelhados.;1;0;0;1;2006-01-01;
5.922;Lançamento efetuado a título de simples faturamento decorrente de venda para entrega futura.;1;0;0;0;2006-01-01;
5.923;Remessa de mercadoria por conta e ordem de terceiros, em venda à ordem ou em operações com armazém geral ou depósito fechado.;1;0;0;0;2006-01-01;
5.924;Remessa para industrialização por conta e ordem do adquirente da mercadoria, quando esta não transitar pelo estabelecimento do adquirente.;1;0;0;0;2006-01-01;
5.925;Retorno de mercadoria recebida para industrialização por conta e ordem do adquirente da mercadoria, quando aquela não transitar pelo estabelecimento do adquirente.;1;0;0;0;2006-01-01;
5.926;Lançamento efetuado a título de reclassificação de mercadoria decorrente de formação de kit ou de sua desagregação.;1;0;0;0;2006-01-01;
5.927;Lançamento efetuado a título de baixa de estoque decorrente de perda, roubo, deterioração.;1;0;0;0;2006-01-01;
5.928;Lançamento efetuado a título de baixa de estoque decorrente do encerramento da atividade do estabelecimento da empresa ou transferência por venda do fundo de comércio.;1;0;0;0;2006-01-01;
5.929;Lançamento efetuado em decorrência de emissão de documento fiscal relativo à operação ou prestação também acobertada por documento fiscal do varejo.;1;0;0;0;2006-01-01;
5.931;Lançamento efetuado em decorrência da responsabilidade de retenção do imposto por substituição tributária, atribuída ao remetente ou alienante da mercadoria, pelo serviço de transporte realizado por transportador autônomo ou por transportador não inscrito na unidade da Federação onde iniciado o serviço.;1;0;1;0;2006-01-01;
5.932;Prestação de serviço de transporte iniciada em unidade da Federação diversa daquela onde inscrito o prestador.;1;0;1;0;2006-01-01;
5.933;Prestação de serviço sujeita ao ISSQN.;1;0;0;0;2006-01-01;
5.934;Remessa simbólica de mercadoria depositada em armazém geral ou depósito fechado.;1;0;0;0;2006-01-01;
5.949;Outra saída de mercadoria ou prestação de serviço não especificada.;1;0;0;0;2006-01-01;
6.101;Venda de produção do estabelecimento.;1;0;0;0;2006-01-01;
6.102;Venda de mercadoria adquirida ou recebida de terceiros, ou qualquer venda de mercadoria efetuada pelo MEI com exceção das saídas classificadas nos códigos 6.501, 6.502, 6.504 e 6.505.;1;0;0;0;2006-01-01;
6.103;Venda de produção do estabelecimento, efetuada fora do estabelecimento.;1;0;0;0;2006-01-01;
6.104;Venda de mercadoria adquirida ou recebida de terceiros, efetuada fora do estabelecimento.;1;0;0;0;2006-01-01;
6.105;Venda de produção do estabelecimento armazenada em depósito fechado, armazém geral ou outro estabelecimento da mesma empresa ou de terceiro, que não deva por ele transitar.;1;0;0;0;2006-01-01;
6.106;Venda de mercadoria adquirida ou recebida de terceiros armazenada em depósito fechado, armazém geral ou outro estabelecimento da mesma empresa ou de terceiro, que não deva por ele transitar.;1;0;0;0;2006-01-01;
6.107;Venda de produção do estabelecimento, destinada a não contribuinte.;1;0;0;0;2006-01-01;
6.108;Venda de mercadoria adquirida ou recebida de terceiros, destinada a não contribuinte.;1;0;0;0;2006-01-01;
6.109;Venda de produção do estabelecimento, destinada à Zona Franca de Manaus ou Áreas de Livre Comércio.;1;0;0;0;2006-01-01;
6.110;Venda de mercadoria adquirida ou recebida de terceiros, destinada à Zona Franca de Manaus ou Áreas de Livre Comércio.;1;0;0;0;2006-01-01;
6.111;Venda de produção do estabelecimento remetida anteriormente em consignação industrial.;1;0;0;0;2006-01-01;
6.112;Venda de mercadoria adquirida ou recebida de terceiros remetida anteriormente em consignação industrial.;1;0;0;0;2006-01-01;
6.113;Venda de produção do estabelecimento remetida anteriormente em consignação mercantil.;1;0;0;0;2006-01-01;
6.114;Venda de mercadoria adquirida ou recebida de terceiros remetida anteriormente em consignação mercantil.;1;0;0;0;2006-01-01;
6.115;Venda de mercadoria adquirida ou recebida de terceiros, recebida anteriormente em consignação mercantil.;1;0;0;0;2006-01-01;
6.116;Venda de produção do estabelecimento originada de encomenda para entrega futura.;1;0;0;0;2006-01-01;
6.117;Venda de mercadoria adquirida ou recebida de terceiros, originada de encomenda para entrega futura.;1;0;0;0;2006-01-01;
6.118;Venda de produção do estabelecimento industrial ou rural, entregue ao destinatário por conta e ordem do adquirente originário, em venda à ordem.;1;0;0;0;2006-01-01;
6.119;Venda de mercadoria adquirida ou recebida de terceiros entregue ao destinatário por conta e ordem do adquirente originário, em venda à ordem.;1;0;0;0;2006-01-01;
6.120;Venda de mercadoria adquirida ou recebida de terceiros entregue ao destinatário pelo vendedor remetente, em venda à ordem.;1;0;0;0;2006-01-01;
6.122;Venda de produção do estabelecimento remetida para industrialização, por conta e ordem do adquirente, sem transitar pelo estabelecimento do adquirente.;1;0;0;0;2006-01-01;
6.123;Venda de mercadoria adquirida ou recebida de terceiros remetida para industrialização, por conta e ordem do adquirente, sem transitar pelo estabelecimento do adquirente.;1;0;0;0;2006-01-01;
6.124;Industrialização efetuada para outra empresa.;1;0;0;0;2006-01-01;
6.125;Industrialização efetuada para outra empresa quando a mercadoria recebida para utilização no processo de industrialização não transitar pelo estabelecimento adquirente da mercadoria.;1;0;0;0;2006-01-01;
6.129;Venda de mercadoria industrializada e de insumo importado sob o amparo do Regime Aduaneiro Especial de Entreposto Industrial sob Controle Informatizado do Sistema Público de Escrituração Digital (Recof-Sped).;1;0;0;0;2006-01-01;
6.131;Remessa de produção do estabelecimento, com previsão de posterior ajuste ou fixação de preço, em ato cooperativo.;1;0;0;0;2018-01-01;
6.132;Fixação de preço de produção do estabelecimento, inclusive quando remetidas anteriormente com previsão de posterior ajuste ou fixação de preço, em ato cooperativo.;1;0;0;0;2018-01-01;
6.151;Transferência de produção do estabelecimento.;1;0;0;0;2006-01-01;
6.152;Transferência de mercadoria adquirida ou recebida de terceiros.;1;0;0;0;2006-01-01;
6.153;Transferência de energia elétrica.;1;0;0;0;2006-01-01;
6.155;Transferência de produção do estabelecimento armazenada em depósito fechado, armazém geral ou outro estabelecimento da mesma empresa ou de terceiro, que não deva por ele transitar.;1;0;0;0;2006-01-01;
6.156;Transferência de mercadoria adquirida ou recebida de terceiros armazenada em depósito fechado, armazém geral ou outro estabelecimento da mesma empresa ou de terceiro, que não deva por ele transitar.;1;0;0;0;2006-01-01;
6.159;Fornecimento de produção do estabelecimento em ato cooperativo.;1;0;0;0;2018-09-01;
6.160;Fornecimento de mercadoria adquirida ou recebida de terceiros em ato cooperativo.;1;0;0;0;2018-09-01;
6.201;Devolução de compra para industrialização ou produção rural.;1;0;0;1;2006-01-01;
6.202;Devolução de compra para comercialização, ou qualquer devolução de mercadoria efetuada pelo MEI com exceção das classificadas no código 6.503.;1;0;0;1;2006-01-01;
6.205;Anulação de valor relativo à aquisição de serviço de comunicação.;1;0;0;0;2006-01-01;
6.206;Anulação de valor relativo à aquisição de serviço de transporte.;1;0;0;0;2006-01-01;
6.207;Anulação de valor relativo à compra de energia elétrica.;1;0;0;0;2006-01-01;
6.208;Devolução de mercadoria recebida em transferência para industrialização ou produção rural.;1;0;0;1;2006-01-01;
6.209;Devolução de mercadoria recebida em transferência para comercialização.;1;0;0;1;2006-01-01;
6.210;Devolução de compra para utilização na prestação de serviço.;1;0;0;1;2006-01-01;
6.213;Devolução de entrada, inclusive simbólica, de mercadoria, com previsão de posterior ajuste ou fixação de preço, em ato cooperativo.;1;0;0;1;2018-01-01;
6.214;Devolução referente à fixação de preço de produção do estabelecimento produtor, inclusive quando remetidas anteriormente com previsão de posterior ajuste ou fixação de preço, em ato cooperativo, para comercialização.;1;0;0;1;2018-01-01;
6.215;Devolução referente à fixação de preço de produção do estabelecimento produtor, inclusive quando remetidas anteriormente com previsão de posterior ajuste ou fixação de preço, em ato cooperativo, para industrialização.;1;0;0;1;2018-01-01;
6.216;Devolução de entrada decorrente do fornecimento de produto ou mercadoria em ato cooperativo.;1;0;0;1;2019-05-01;
6.251;Venda de energia elétrica para distribuição ou comercialização.;1;0;0;0;2006-01-01;
6.252;Venda de energia elétrica para estabelecimento industrial.;1;0;0;0;2006-01-01;
6.253;Venda de energia elétrica para estabelecimento comercial.;1;0;0;0;2006-01-01;
6.254;Venda de energia elétrica para estabelecimento prestador de serviço de transporte.;1;0;0;0;2006-01-01;
6.255;Venda de energia elétrica para estabelecimento prestador de serviço de comunicação.;1;0;0;0;2006-01-01;
6.256;Venda de energia elétrica para estabelecimento de produtor rural.;1;0;0;0;2006-01-01;
6.257;Venda de energia elétrica para consumo por demanda contratada.;1;0;0;0;2006-01-01;
6.258;Venda de energia elétrica a não contribuinte.;1;0;0;0;2006-01-01;
6.301;Prestação de serviço de comunicação para execução de serviço da mesma natureza.;0;1;0;0;2006-01-01;
6.302;Prestação de serviço de comunicação a estabelecimento industrial.;0;1;0;0;2006-01-01;
6.303;Prestação de serviço de comunicação a estabelecimento comercial.;0;1;0;0;2006-01-01;
6.304;Prestação de serviço de comunicação a estabelecimento de prestador de serviço de transporte.;0;1;0;0;2006-01-01;
6.305;Prestação de serviço de comunicação a estabelecimento de geradora ou de distribuidora de energia elétrica.;0;1;0;0;2006-01-01;
6.306;Prestação de serviço de comunicação a estabelecimento de produtor rural.;0;1;0;0;2006-01-01;
6.307;Prestação de serviço de comunicação a não contribuinte.;0;1;0;0;2006-01-01;
6.351;Prestação de serviço de transporte para execução de serviço da mesma natureza.;0;0;1;0;2006-01-01;
6.352;Prestação de serviço de transporte a estabelecimento industrial.;0;0;1;0;2006-01-01;
6.353;Prestação de serviço de transporte a estabelecimento comercial.;0;0;1;0;2006-01-01;
6.354;Prestação de serviço de transporte a estabelecimento de prestador de serviço de comunicação.;0;0;1;0;2006-01-01;
6.355;Prestação de serviço de transporte a estabelecimento de geradora ou de distribuidora de energia elétrica.;0;0;1;0;2006-01-01;
6.356;Prestação de serviço de transporte a estabelecimento de produtor rural.;0;0;1;0;2006-01-01;
6.357;Prestação de serviço de transporte a não contribuinte.;0;0;1;0;2006-01-01;
6.359;Prestação de serviço de transporte a contribuinte ou a não contribuinte quando a mercadoria transportada está dispensada de emissão de nota fiscal.;0;0;1;0;2006-01-01;
6.360;Prestação de serviço de transporte a contribuinte substituto em relação ao serviço de transporte.;0;0;1;0;2006-01-01;
6.401;Venda de produção do estabelecimento em operação com produto sujeito ao regime de substituição tributária, na condição de contribuinte substituto.;1;0;0;0;2006-01-01;
6.402;Venda de produção do estabelecimento de produto sujeito ao regime de substituição tributária, em operação entre contribuintes substitutos do mesmo produto.;1;0;0;0;2006-01-01;
6.403;Venda de mercadoria adquirida ou recebida de terceiros em operação com mercadoria sujeita ao regime de substituição tributária, na condição de contribuinte substituto.;1;0;0;0;2006-01-01;
6.404;Venda de mercadoria sujeita ao regime de substituição tributária, cujo imposto já tenha sido retido anteriormente.;1;0;0;0;2006-01-01;
6.408;Transferência de produção do estabelecimento em operação com produto sujeito ao regime de substituição tributária.;1;0;0;0;2006-01-01;
6.409;Transferência de mercadoria adquirida ou recebida de terceiros em operação com mercadoria sujeita ao regime de substituição tributária.;1;0;0;0;2006-01-01;
6.410;Devolução de compra para industrialização ou produção rural em operação com mercadoria sujeita ao regime de substituição tributária.;1;0;0;1;2006-01-01;
6.411;Devolução de compra para comercialização em operação com mercadoria sujeita ao regime de substituição tributária.;1;0;0;1;2006-01-01;
6.412;Devolução de bem do ativo imobilizado, em operação com mercadoria sujeita ao regime de substituição tributária.;1;0;0;1;2006-01-01;
6.413;Devolução de mercadoria destinada para uso ou consumo, em operação com mercadoria sujeita ao regime de substituição tributária.;1;0;0;1;2006-01-01;
6.414;Remessa de produção do estabelecimento para venda fora do estabelecimento em operação com produto sujeito ao regime de substituição tributária.;1;0;0;0;2006-01-01;
6.415;Remessa de mercadoria adquirida ou recebida de terceiros para venda fora do estabelecimento, em operação com mercadoria sujeita ao regime de substituição tributária.;1;0;0;0;2006-01-01;
6.451;Remessa de animal - Sistema de Integração e Parceria Rural.;1;0;0;0;2019-12-01;
6.452;Remessa de insumo - Sistema de Integração e Parceria Rural.;1;0;0;0;2019-12-01;
6.453;Retorno de animal ou da produção - Sistema de Integração e Parceria Rural.;1;0;0;0;2019-12-01;
6.454;Retorno simbólico de animal ou da produção - Sistema de Integração e Parceria Rural.;1;0;0;0;2019-12-01;
6.455;Retorno de insumos não utilizados na produção - Sistema de Integração e Parceria Rural.;1;0;0;0;2019-12-01;
6.456;Saída referente à remuneração do produtor - Sistema de Integração e Parceria Rural.;1;0;0;0;2019-12-01;
6.501;Remessa de produção do estabelecimento, com fim específico de exportação.;1;0;0;0;2006-01-01;
6.502;Remessa de mercadoria adquirida ou recebida de terceiros, com fim específico de exportação.;1;0;0;0;2006-01-01;
6.503;Devolução de mercadoria recebida com fim específico de exportação.;1;0;0;1;2006-01-01;
6.504;Remessa de mercadorias para formação de lote de exportação, de produtos industrializados ou produzidos pelo próprio estabelecimento.;1;0;0;0;2006-01-01;
6.505;Remessa de mercadorias, adquiridas ou recebidas de terceiros, para formação de lote de exportação.;1;0;0;0;2006-01-01;
6.551;Venda de bem do ativo imobilizado.;1;0;0;0;2006-01-01;
6.552;Transferência de bem do ativo imobilizado.;1;0;0;0;2006-01-01;
6.553;Devolução de compra de bem para o ativo imobilizado.;1;0;0;1;2006-01-01;
6.554;Remessa de bem do ativo imobilizado para uso fora do estabelecimento.;1;0;0;0;2006-01-01;
6.555;Devolução de bem do ativo imobilizado de terceiro, recebido para uso no estabelecimento.;1;0;0;1;2006-01-01;
6.556;Devolução de compra de material para uso ou consumo.;1;0;0;1;2006-01-01;
6.557;Transferência de material para uso ou consumo.;1;0;0;0;2006-01-01;
6.603;Ressarcimento de ICMS retido por substituição tributária.;1;0;0;0;2006-01-01;
6.651;Venda de combustíveis ou lubrificantes de produção do estabelecimento destinados à industrialização subsequente.;1;0;0;0;2006-01-01;
6.652;Venda de combustíveis ou lubrificantes de produção do estabelecimento destinados à comercialização.;1;0;0;0;2006-01-01;
6.653;Venda de combustíveis ou lubrificantes de produção do estabelecimento destinados a consumidor ou usuário final.;1;0;0;0;2006-01-01;
6.654;Venda de combustíveis ou lubrificantes adquiridos ou recebidos de terceiros destinados à industrialização subsequente.;1;0;0;0;2006-01-01;
6.655;Venda de combustíveis ou lubrificantes adquiridos ou recebidos de terceiros destinados à comercialização.;1;0;0;0;2006-01-01;
6.656;Venda de combustíveis ou lubrificantes adquiridos ou recebidos de terceiros destinados a consumidor ou usuário final.;1;0;0;0;2006-01-01;
6.657;Remessa de combustíveis ou lubrificantes adquiridos ou recebidos de terceiros para venda fora do estabelecimento.;1;0;0;0;2006-01-01;
6.658;Transferência de combustíveis ou lubrificantes de produção do estabelecimento.;1;0;0;0;2006-01-01;
6.659;Transferência de combustíveis ou lubrificantes adquiridos ou recebidos de terceiros.;1;0;0;0;2006-01-01;
6.660;Devolução de compra de combustíveis ou lubrificantes adquiridos para industrialização subsequente.;1;0;0;1;2006-01-01;
6.661;Devolução de compra de combustíveis ou lubrificantes adquiridos para comercialização.;1;0;0;1;2006-01-01;
6.662;Devolução de compra de combustíveis ou lubrificantes adquiridos por consumidor ou usuário final.;1;0;0;1;2006-01-01;
6.663;Remessa para armazenagem de combustíveis ou lubrificantes.;1;0;0;0;2006-01-01;
6.664;Retorno de combustíveis ou lubrificantes recebidos para armazenagem.;1;0;0;0;2006-01-01;
6.665;Retorno simbólico de combustíveis ou lubrificantes recebidos para armazenagem.;1;0;0;0;2006-01-01;
6.666;Remessa por conta e ordem de terceiros de combustíveis ou lubrificantes recebidos para armazenagem.;1;0;0;0;2006-01-01;
6.667;Venda de combustíveis ou lubrificantes a consumidor ou usuário final estabelecido em outra unidade da Federação diferente da que ocorrer o consumo.;1;0;0;0;2006-01-01;
6.901;Remessa para industrialização por encomenda.;1;0;0;0;2006-01-01;
6.902;Retorno de mercadoria utilizada na industrialização por encomenda.;1;0;0;0;2006-01-01;
6.903;Retorno de mercadoria recebida para industrialização e não aplicada no referido processo.;1;0;0;0;2006-01-01;
6.904;Remessa para venda fora do estabelecimento, ou qualquer remessa efetuada pelo MEI com exceção das classificadas nos códigos 6.502 e 6.505.;1;0;0;0;2006-01-01;
6.905;Remessa para depósito fechado, armazém geral ou outro estabelecimento da mesma empresa ou de terceiro.;1;0;0;0;2006-01-01;
6.906;Retorno de mercadoria depositada em depósito fechado, armazém geral ou outro estabelecimento da mesma empresa ou de terceiro.;1;0;0;0;2006-01-01;
6.907;Retorno simbólico de mercadoria depositada em depósito fechado, armazém geral ou outro estabelecimento da mesma empresa ou de terceiro.;1;0;0;0;2006-01-01;
6.908;Remessa de bem por conta de contrato de comodato ou locação.;1;0;0;0;2006-01-01;
6.909;Retorno de bem recebido por conta de contrato de comodato ou locação.;1;0;0;0;2006-01-01;
6.910;Remessa em bonificação, doação ou brinde.;1;0;0;0;2006-01-01;
6.911;Remessa de amostra grátis.;1;0;0;0;2006-01-01;
6.912;Remessa de mercadoria ou bem para demonstração, mostruário ou treinamento.;1;0;0;0;2006-01-01;
6.913;Retorno de mercadoria ou bem recebido para demonstração ou mostruário.;1;0;0;0;2006-01-01;
6.914;Remessa de mercadoria ou bem para exposição ou feira.;1;0;0;0;2006-01-01;
6.915;Remessa de mercadoria ou bem para conserto ou reparo.;1;0;0;0;2006-01-01;
6.916;Retorno de mercadoria ou bem recebido para conserto ou reparo.;1;0;0;0;2006-01-01;
6.917;Remessa de mercadoria em consignação mercantil ou industrial.;1;0;0;0;2006-01-01;
6.918;Devolução de mercadoria recebida em consignação mercantil ou industrial.;1;0;0;1;2006-01-01;
6.919;Devolução simbólica de mercadoria vendida ou utilizada em processo industrial, recebida anteriormente em consignação mercantil ou industrial.;1;0;0;1;2006-01-01;
6.920;Remessa de embalagens, bombonas, vasilhames, sacarias, pallets, containers ou assemelhados.;1;0;0;0;2006-01-01;
6.921;Devolução de embalagens, bombonas, vasilhames, sacarias, pallets, containers ou assemelhados.;1;0;0;1;2006-01-01;
6.922;Lançamento efetuado a título de simples faturamento decorrente de venda para entrega futura.;1;0;0;0;2006-01-01;
6.923;Remessa de mercadoria por conta e ordem de terceiros, em venda à ordem ou em operações com armazém geral ou depósito fechado.;1;0;0;0;2006-01-01;
6.924;Remessa para industrialização por conta e ordem do adquirente da mercadoria, quando esta não transitar pelo estabelecimento do adquirente.;1;0;0;0;2006-01-01;
6.925;Retorno de mercadoria recebida para industrialização por conta e ordem do adquirente da mercadoria, quando aquela não transitar pelo estabelecimento do adquirente.;1;0;0;0;2006-01-01;
6.929;Lançamento efetuado em decorrência de emissão de documento fiscal relativo à operação ou prestação também acobertada por documento fiscal do varejo.;1;0;0;0;2006-01-01;
6.931;Lançamento efetuado em decorrência da responsabilidade de retenção do imposto por substituição tributária, atribuída ao remetente ou alienante da mercadoria, pelo serviço de transporte realizado por transportador autônomo ou por transportador não inscrito na unidade da Federação onde iniciado o serviço.;1;0;1;0;2006-01-01;
6.932;Prestação de serviço de transporte iniciada em unidade da Federação diversa daquela onde inscrito o prestador.;1;0;1;0;2006-01-01;
6.933;Prestação de serviço sujeita ao ISSQN.;1;0;0;0;2006-01-01;
6.934;Remessa simbólica de mercadoria depositada em armazém geral ou depósito fechado.;1;0;0;0;2006-01-01;
6.949;Outra saída de mercadoria ou prestação de serviço não especificada.;1;0;0;0;2006-01-01;
7.101;Venda de produção do estabelecimento.;1;0;0;0;2006-01-01;
7.102;Venda de mercadoria adquirida ou recebida de terceiros.;1;0;0;0;2006-01-01;
7.105;Venda de produção do estabelecimento armazenada em depósito fechado, armazém geral ou outro estabelecimento da mesma empresa ou de terceiro, que não deva por ele transitar.;1;0;0;0;2006-01-01;
7.106;Venda de mercadoria adquirida ou recebida de terceiros armazenada em depósito fechado, armazém geral ou outro estabelecimento da mesma empresa ou de terceiro, que não deva por ele transitar.;1;0;0;0;2006-01-01;
7.127;Venda de produção do estabelecimento sob o regime de “drawback”.;1;0;0;0;2006-01-01;
7.129;Venda de produção do estabelecimento ao mercado externo de mercadoria industrializada sob o amparo do Regime Aduaneiro Especial de Entreposto Industrial sob Controle Informatizado do Sistema Público de Escrituração Digital (Recof-Sped).;1;0;0;0;2006-01-01;
7.201;Devolução de compra para industrialização ou produção rural.;1;0;0;1;2006-01-01;
7.202;Devolução de compra para comercialização.;1;0;0;1;2006-01-01;
7.205;Anulação de valor relativo à aquisição de serviço de comunicação.;1;0;0;0;2006-01-01;
7.206;Anulação de valor relativo à aquisição de serviço de transporte.;1;0;0;0;2006-01-01;
7.207;Anulação de valor relativo à compra de energia elétrica.;1;0;0;0;2006-01-01;
7.210;Devolução de compra para utilização na prestação de serviço.;1;0;0;1;2006-01-01;
7.211;Devolução de compras para industrialização sob o regime de “drawback”.;1;0;0;1;2006-01-01;
7.212;Devolução de compras para industrialização sob o regime de Regime Aduaneiro Especial de Entreposto Industrial sob Controle Informatizado do Sistema Público de Escrituração Digital (Recof-Sped).;1;0;0;1;2006-01-01;
7.251;Venda de energia elétrica para o exterior.;1;0;0;0;2006-01-01;
7.301;Prestação de serviço de comunicação para execução de serviço da mesma natureza.;0;1;0;0;2006-01-01;
7.358;Prestação de serviço de transporte.;0;0;1;0;2006-01-01;
7.501;Exportação de mercadorias recebidas com fim específico de exportação.;1;0;0;0;2006-01-01;
7.504;Exportação de mercadoria que foi objeto de formação de lote de exportação.;1;0;0;0;2018-09-01;
7.551;Venda de bem do ativo imobilizado.;1;0;0;0;2006-01-01;
7.552;Saída de produto destinado para uso ou consumo de bordo, em embarcações ou aeronaves exclusivamente em tráfego internacional com destino ao exterior.;1;0;0;0;2021-06-01;
7.553;Devolução de compra de bem para o ativo imobilizado.;1;0;0;1;2006-01-01;
7.556;Devolução de compra de material para uso ou consumo.;1;0;0;1;2006-01-01;
7.651;Venda de combustíveis ou lubrificantes de produção do estabelecimento.;1;0;0;0;2006-01-01;
7.654;Venda de combustíveis ou lubrificantes adquiridos ou recebidos de terceiros.;1;0;0;0;2006-01-01;
7.667;Saída de combustíveis ou lubrificantes a consumidor ou usuário final.;1;0;0;0;2006-01-01;
7.930;Lançamento efetuado a título de devolução de bem cuja entrada tenha ocorrido sob amparo de regime especial aduaneiro de admissão temporária.;1;0;0;0;2006-01-01;
7.949;Outra saída de mercadoria ou prestação de serviço não especificada.;1;0;0;0;2006-01-01;
